AÃ±o,Mes,1,2,3,4,5,6,7,8,9,10,11,12,13,14,15,16,17,18,19,20,21,22,23,24,25,26,27,28,29,30,31
2010,1,0.00,0.00,0.00,0.00,0.00,0.00,0.00,0.00,0.00,0.00,0.00,0.00,0.00,0.00,0.00,0.00,0.00,0.00,0.00,0.00,0.00,0.00,0.00,15.00,0.00,0.00,0.00,0.00,0.00,0.00,0.00
2010,2,0.00,0.00,0.00,0.00,0.00,0.00,0.00,0.00,0.00,0.00,0.00,0.00,0.00,0.00,0.00,0.00,0.00,0.00,0.00,0.00,0.50,1.10,0.10,0.00,9.40,0.00,0.00,0.00,NaN,NaN,NaN
2010,3,20.30,0.00,0.00,0.00,0.00,0.00,0.00,0.00,0.00,0.00,0.00,0.00,0.00,0.00,0.00,0.00,0.00,0.00,0.00,0.90,0.30,3.00,0.00,0.00,0.00,0.00,0.00,0.00,0.00,0.00,0.00
2010,4,0.00,0.00,0.00,0.00,0.00,0.00,0.00,0.00,0.00,0.00,0.00,0.20,0.00,0.00,13.30,4.90,4.20,0.00,2.00,0.00,1.50,0.00,0.60,2.50,13.30,0.00,34.60,16.80,5.20,41.20,NaN
2010,5,1.50,NaN,12.30,4.30,0.70,0.00,0.00,0.00,0.00,0.00,0.00,0.00,0.00,0.00,0.00,26.70,0.60,5.00,27.70,2.10,0.40,8.00,33.60,32.80,1.50,16.50,4.40,0.80,0.00,0.00,0.00
2010,6,1.50,2.30,18.90,0.00,0.00,2.70,0.00,6.00,14.20,14.60,5.20,28.30,2.90,8.80,17.90,18.10,0.00,18.40,0.80,30.50,2.00,2.40,0.00,1.20,11.70,10.00,2.80,0.60,15.50,2.80,NaN
2010,7,0.00,8.80,0.40,2.00,0.60,34.10,3.60,6.10,13.00,36.40,19.70,0.20,22.20,0.00,0.20,3.30,1.80,0.90,1.40,52.20,5.30,36.00,1.20,1.90,10.40,2.80,6.10,2.20,5.00,6.20,1.30
2010,8,7.20,0.30,0.00,0.00,23.90,7.40,17.20,14.90,2.10,3.00,2.20,4.00,0.10,0.60,9.00,0.00,3.40,0.10,5.60,18.50,0.80,3.30,10.00,32.20,15.10,25.70,23.30,27.30,13.80,0.00,10.70
2010,9,19.40,3.10,11.80,5.00,3.00,3.10,33.10,49.50,0.10,0.40,20.20,21.20,34.00,9.90,0.00,15.40,5.10,52.60,1.20,41.00,20.20,19.50,11.10,4.20,5.40,9.70,3.40,90.20,71.90,12.60,NaN
2010,10,2.40,39.50,45.80,0.90,0.30,1.30,0.00,0.00,0.00,0.00,5.70,5.90,0.00,0.00,1.10,0.60,2.00,0.10,0.00,8.20,26.50,6.00,7.70,24.20,6.80,0.70,0.00,0.00,0.10,NaN,3.80
2010,11,11.80,24.60,142.30,14.80,50.00,0.00,0.00,0.00,0.00,4.60,0.10,0.00,0.00,0.00,0.00,0.00,0.60,0.00,2.70,0.60,3.50,1.50,0.30,0.60,3.50,2.20,0.00,0.00,0.00,3.80,NaN
2010,12,50.20,3.20,0.00,0.00,0.00,0.00,0.00,0.00,0.00,0.00,0.00,0.00,0.00,0.00,0.00,0.00,0.00,0.00,0.60,0.00,0.00,0.00,0.00,0.00,0.00,2.60,0.00,0.00,0.00,4.30,0.10
2011,1,0.00,3.20,0.00,0.00,0.00,0.00,0.00,0.00,0.00,0.00,0.00,0.00,0.00,0.10,0.00,0.00,0.00,0.00,0.00,0.00,0.00,0.00,0.00,0.00,0.00,0.00,0.00,0.00,0.00,0.00,0.00
2011,2,0.00,0.00,0.00,0.00,0.00,0.00,0.00,0.00,0.00,14.40,0.00,0.20,0.00,0.00,0.40,0.00,0.00,0.00,0.00,0.00,0.00,0.00,0.00,0.00,0.00,2.60,0.00,3.80,NaN,NaN,NaN
2011,3,8.00,0.00,0.00,0.00,0.10,0.00,0.00,0.00,0.00,0.30,0.00,0.00,0.00,0.00,0.00,0.00,0.00,0.00,0.00,0.00,0.00,0.00,0.00,0.00,0.00,0.00,11.00,0.00,0.00,0.00,0.00
2011,4,0.00,0.00,0.00,0.00,0.00,0.00,0.00,0.00,0.00,0.00,11.30,0.10,0.00,0.00,0.00,0.00,0.00,0.00,22.80,0.00,0.00,0.00,3.50,0.00,2.40,0.00,6.80,14.60,0.00,0.40,NaN
2011,5,0.10,0.00,0.00,0.00,0.40,0.00,0.00,0.00,0.00,0.00,0.00,1.10,0.10,0.00,0.00,0.00,0.00,0.00,1.00,20.50,7.00,0.00,7.40,2.00,13.70,10.20,17.30,17.60,0.20,0.60,36.70
2011,6,4.30,11.40,2.50,63.10,42.90,9.70,0.10,0.00,0.00,0.80,0.00,0.20,0.00,1.50,57.60,11.70,2.00,8.10,0.00,0.00,10.30,6.80,1.00,2.20,3.60,0.10,0.00,0.00,29.60,5.80,NaN
2011,7,50.60,3.30,29.10,10.60,10.80,0.00,0.00,0.00,0.00,0.50,52.20,6.00,1.10,3.40,16.50,7.30,14.60,0.00,0.00,0.00,0.00,0.00,0.00,0.00,0.00,0.00,5.00,7.30,0.60,3.20,3.70
2011,8,3.40,7.20,0.20,0.00,13.50,0.00,0.90,0.00,0.00,0.00,0.00,0.10,17.10,25.50,29.10,34.30,0.80,3.10,12.90,1.90,43.30,5.80,0.10,1.90,1.50,0.40,6.90,1.00,0.00,0.10,0.00
2011,9,0.10,7.80,0.80,9.70,5.30,0.10,6.10,1.40,0.00,0.00,0.00,24.00,0.50,0.00,9.70,34.50,4.70,22.10,8.40,18.50,0.00,0.00,27.70,0.30,17.20,0.10,0.00,2.30,6.30,10.60,NaN
2011,10,23.00,8.10,2.40,3.50,15.00,1.80,9.00,3.30,23.00,47.60,44.20,46.30,17.50,116.10,20.50,23.30,15.90,17.90,7.00,15.50,20.80,18.40,0.60,0.00,0.00,0.30,35.20,1.30,0.00,15.00,1.40
2011,11,15.10,0.00,0.00,10.60,0.00,1.00,0.00,0.00,4.60,13.70,0.00,7.60,14.10,0.00,13.00,5.60,0.60,12.30,15.30,0.00,1.00,0.00,7.20,4.50,14.90,16.20,0.40,0.10,0.00,0.00,NaN
2011,12,0.00,0.00,0.00,0.00,0.00,1.00,0.00,0.00,0.00,0.20,8.00,12.90,21.20,0.00,0.00,0.00,4.60,0.00,0.00,0.00,0.00,0.00,0.20,0.00,0.00,0.00,0.00,0.00,0.00,0.00,0.00
2012,1,0.00,0.00,0.00,0.00,0.00,0.00,0.00,0.00,0.00,0.00,0.00,NaN,NaN,NaN,NaN,NaN,NaN,NaN,NaN,NaN,NaN,NaN,NaN,NaN,NaN,NaN,NaN,NaN,NaN,NaN,NaN
2012,7,NaN,NaN,NaN,NaN,0.20,0.10,5.30,0.00,0.00,15.70,0.00,33.10,0.00,0.20,0.20,0.00,0.20,11.80,0.00,1.10,0.00,0.70,0.00,12.30,0.00,0.00,12.60,32.30,8.70,0.00,3.80
2012,8,6.20,0.40,0.00,0.00,0.00,26.50,12.10,5.70,7.90,5.60,41.00,0.00,3.00,25.90,29.80,0.10,7.60,2.40,26.60,2.00,0.60,37.50,10.40,0.30,16.10,0.10,5.40,0.10,7.00,21.10,18.10
2012,9,8.30,2.70,0.00,15.00,11.80,21.60,0.10,12.20,4.20,0.40,1.80,0.00,8.80,20.60,6.20,31.40,0.40,13.60,24.60,0.60,19.10,4.60,3.90,0.40,6.60,1.80,47.70,0.00,5.30,2.00,NaN
2012,10,0.10,5.00,0.30,0.30,9.70,0.00,0.10,4.10,0.70,0.60,0.00,14.30,5.50,13.30,0.50,13.30,35.10,9.10,0.70,4.00,8.60,1.50,33.60,36.80,34.10,0.10,0.00,0.00,0.00,0.00,0.00
2012,11,2.10,14.30,0.50,0.00,0.00,26.70,6.10,0.40,0.40,0.20,0.00,6.90,0.00,0.60,0.00,1.60,0.60,3.40,0.00,0.30,0.90,1.10,0.00,0.00,1.50,0.20,0.00,0.00,3.60,0.00,NaN
2012,12,0.00,0.00,0.00,8.70,0.40,0.00,NaN,NaN,NaN,NaN,NaN,NaN,NaN,NaN,NaN,NaN,NaN,NaN,NaN,NaN,NaN,NaN,NaN,NaN,NaN,NaN,NaN,NaN,NaN,NaN,NaN
2013,1,NaN,NaN,NaN,NaN,NaN,NaN,NaN,NaN,NaN,NaN,NaN,NaN,NaN,NaN,NaN,NaN,NaN,NaN,NaN,NaN,NaN,NaN,NaN,NaN,NaN,NaN,NaN,NaN,NaN,NaN,NaN
2013,2,NaN,NaN,NaN,NaN,NaN,NaN,NaN,NaN,NaN,NaN,NaN,NaN,NaN,NaN,NaN,NaN,NaN,NaN,NaN,NaN,NaN,NaN,NaN,NaN,6.10,0.00,0.80,0.00,NaN,NaN,NaN
2013,3,0.10,0.00,0.00,0.00,0.00,0.00,0.00,0.00,0.00,0.00,0.00,0.00,0.00,0.00,0.00,0.00,0.00,0.00,0.00,0.00,2.30,0.00,0.00,0.00,0.00,0.00,0.00,0.00,0.00,0.00,0.00
2013,4,1.30,0.00,2.50,28.00,4.60,0.00,0.00,0.00,0.00,0.00,24.70,0.00,0.00,0.00,20.00,0.10,0.00,2.60,5.00,0.00,3.10,29.70,0.00,0.00,0.00,0.00,0.00,0.00,0.00,0.00,NaN
2013,5,7.30,0.40,0.00,0.00,0.00,0.20,0.00,0.00,18.80,8.20,3.40,0.00,0.00,0.00,0.00,0.00,0.00,15.20,9.20,0.20,23.10,9.90,7.40,14.20,0.50,2.00,2.50,0.20,33.00,23.70,3.90
2013,6,2.50,0.00,0.00,36.70,5.30,38.50,0.20,0.00,0.00,2.00,2.10,0.00,3.30,12.90,10.70,8.50,0.90,71.60,27.10,0.00,9.10,0.00,0.00,6.70,6.80,23.80,1.20,0.00,31.20,1.70,NaN
2013,7,0.00,2.60,0.00,2.90,0.00,11.00,0.00,0.00,0.00,0.30,0.00,11.70,0.00,2.30,0.00,0.00,19.70,0.20,0.20,0.00,15.60,1.30,0.00,0.00,8.00,0.00,3.50,5.90,0.30,0.00,7.00
2013,8,0.00,2.70,16.20,0.30,0.00,0.00,0.00,0.00,10.00,0.00,0.40,2.00,5.40,0.50,1.30,8.70,0.00,12.90,0.00,5.50,0.00,15.00,2.10,28.50,0.00,0.00,26.20,0.00,0.00,0.00,8.70
2013,9,15.50,9.20,10.10,0.10,55.00,6.40,7.10,0.10,17.10,0.00,NaN,NaN,NaN,NaN,NaN,23.00,2.40,28.20,0.10,1.60,0.20,24.30,0.00,3.80,0.10,12.50,0.70,19.80,9.10,37.60,NaN
2013,10,41.80,35.20,4.60,4.70,54.70,2.20,6.70,0.00,0.60,1.70,8.50,5.70,0.00,0.10,1.10,34.00,2.60,14.70,29.80,44.40,5.30,29.00,27.90,1.60,9.50,26.50,1.10,27.50,2.20,0.00,2.70
2013,11,10.90,0.00,0.40,0.00,0.50,1.10,5.30,22.90,11.20,0.00,0.00,0.00,3.80,12.60,21.40,0.00,0.00,0.00,0.00,0.00,0.00,0.00,0.90,0.20,9.30,0.80,2.30,20.50,0.00,0.00,NaN
2013,12,0.00,0.00,0.00,0.00,2.50,0.00,0.00,0.00,1.30,0.00,0.00,0.40,0.00,0.00,1.30,0.10,0.00,0.00,0.00,0.00,0.00,0.00,0.00,0.00,0.00,0.00,0.00,0.00,0.00,0.00,0.00
2014,1,0.00,0.00,0.00,0.00,0.00,0.00,0.00,0.00,0.00,0.00,0.00,0.00,0.00,0.00,0.00,0.00,0.00,0.00,0.00,0.70,0.00,0.00,0.00,0.00,0.00,0.00,0.00,0.00,0.00,0.00,0.00
2014,2,0.00,0.00,0.00,0.00,0.00,0.00,0.00,0.00,0.00,0.00,0.00,18.30,0.00,0.00,0.00,0.00,0.00,0.00,0.00,0.00,0.00,0.00,0.00,0.00,0.00,0.00,0.00,0.00,NaN,NaN,NaN
2014,3,0.00,0.00,0.00,2.10,0.00,5.40,0.00,1.20,0.70,0.00,0.00,0.00,0.00,0.40,0.00,0.00,0.00,0.00,0.00,0.00,0.00,0.00,0.00,0.00,0.00,0.00,0.00,0.00,0.00,0.00,0.00
2014,4,0.00,0.00,0.00,0.00,0.00,2.20,0.00,0.00,0.00,0.00,0.00,0.00,0.00,0.00,18.00,0.00,0.00,0.00,0.00,0.00,0.00,0.00,0.00,7.90,0.00,19.00,0.60,11.40,4.30,4.40,NaN
2014,5,16.80,1.90,0.20,0.10,0.00,4.70,41.50,40.60,4.30,48.00,7.10,6.60,0.00,0.00,0.10,0.00,0.00,0.40,0.00,0.00,0.00,3.20,0.80,5.50,0.00,0.00,1.30,0.00,0.70,14.30,29.00
2014,6,0.60,21.90,17.50,72.00,19.00,43.40,0.00,0.50,0.30,0.00,0.00,19.80,1.90,0.00,0.00,0.60,11.00,0.00,5.00,3.00,0.00,1.20,2.10,0.10,30.80,10.10,2.10,0.10,0.00,0.00,NaN
2014,7,0.00,17.70,0.00,0.00,1.40,0.40,0.00,0.00,0.00,0.00,2.80,1.80,1.40,0.40,0.10,0.00,1.00,0.00,0.00,0.00,3.30,2.40,0.00,0.00,0.00,0.90,0.00,0.00,0.00,1.60,0.00
2014,8,0.30,0.00,1.20,24.40,0.00,3.50,0.00,10.40,16.80,11.40,5.70,0.00,0.00,0.00,0.00,0.00,0.30,3.00,9.40,9.50,0.00,0.00,5.90,16.50,34.80,1.20,6.90,30.50,0.00,3.40,0.00
2014,9,0.00,13.50,6.40,0.00,20.20,7.70,6.10,15.20,0.00,11.90,19.90,8.70,33.80,0.80,2.40,8.90,52.70,28.70,49.00,11.90,9.70,8.40,11.40,1.90,42.80,4.60,18.50,11.50,21.00,0.00,NaN
2014,10,1.20,0.40,3.80,0.00,0.10,18.10,15.60,9.00,1.10,6.70,1.60,39.80,61.00,6.10,3.10,13.30,32.10,30.00,5.80,42.70,2.20,2.90,0.10,5.30,7.10,1.10,0.30,9.40,13.10,13.50,26.20
2014,11,42.00,0.30,0.80,2.90,0.30,0.50,0.00,4.80,0.60,11.50,11.30,21.40,0.00,2.90,0.00,1.40,0.30,0.00,0.00,0.60,0.10,0.00,0.00,0.70,2.70,0.10,2.40,0.00,0.00,0.00,NaN
2014,12,0.00,0.00,0.00,0.60,0.90,0.50,0.00,0.00,0.00,0.00,0.00,0.40,2.20,0.30,0.00,0.00,0.10,0.30,0.00,0.00,0.00,0.00,0.00,0.00,0.00,0.00,0.00,0.00,0.50,0.00,0.00
2015,1,0.00,0.00,0.00,0.00,0.00,0.00,0.00,0.00,0.00,0.00,0.00,0.00,0.00,0.00,0.00,0.00,0.00,0.00,0.00,0.00,0.00,0.00,0.00,0.00,0.00,0.00,0.00,0.00,0.00,0.00,0.00
2015,2,0.00,0.00,0.00,0.00,0.00,0.00,0.00,0.00,0.80,2.90,0.00,0.00,0.00,0.00,0.00,0.00,0.00,0.00,0.00,0.00,0.00,0.00,0.00,0.00,0.00,0.00,0.00,0.00,NaN,NaN,NaN
2015,3,0.00,0.00,0.00,0.00,0.00,0.00,0.00,0.00,0.00,0.00,0.00,0.00,0.00,0.00,0.00,0.00,0.00,0.00,0.00,0.00,0.00,0.10,0.00,0.00,0.00,0.00,0.00,0.00,0.00,0.00,0.00
2015,4,0.00,0.00,0.00,0.00,0.00,0.00,0.00,0.00,0.00,0.00,0.00,0.00,1.40,0.00,0.00,0.00,0.00,0.00,0.00,0.00,7.00,0.00,0.10,0.00,0.00,0.00,0.60,0.10,0.20,2.50,NaN
2015,5,0.40,0.00,0.00,0.20,0.00,8.70,10.30,0.00,0.00,0.00,0.00,0.00,0.00,0.00,0.00,25.40,6.40,0.00,3.90,3.00,0.00,9.70,0.00,14.10,0.70,9.90,0.00,0.00,0.00,14.00,0.00
2015,6,15.30,0.00,33.10,63.30,25.60,0.40,6.10,4.10,8.70,9.30,2.50,14.30,0.00,0.00,0.00,0.00,0.00,0.00,0.00,0.00,8.50,1.80,0.00,0.00,0.00,4.30,2.40,0.00,0.40,0.00,NaN
2015,7,0.00,0.00,0.00,0.00,0.70,16.90,19.30,4.40,4.70,21.10,1.70,7.60,35.40,1.50,0.00,10.90,2.50,42.00,10.90,0.00,0.00,1.00,0.70,0.10,0.00,0.00,0.00,0.30,10.40,0.00,0.00
2015,8,12.50,0.00,0.00,0.00,0.00,0.00,0.00,8.80,0.00,13.60,22.80,0.00,0.00,5.70,0.50,0.20,0.00,0.00,0.00,0.00,0.00,19.00,2.00,0.00,0.00,0.00,0.00,0.00,0.00,20.40,25.20
2015,9,0.00,5.00,5.10,0.00,0.00,3.60,0.20,0.30,1.50,13.70,34.50,2.00,30.00,0.00,2.70,0.00,13.60,2.80,30.70,0.00,33.80,4.10,2.10,4.50,6.80,1.70,23.80,12.00,1.80,15.10,NaN
2015,10,38.50,0.30,0.10,4.10,12.50,0.40,1.00,8.50,0.50,0.00,48.50,1.60,15.20,6.40,17.70,13.90,3.90,25.00,6.30,3.20,3.80,4.70,1.50,1.90,34.70,6.60,18.70,7.10,0.00,8.30,0.10
2015,11,0.00,26.70,3.90,25.20,12.80,5.10,0.00,14.70,0.00,32.50,6.30,0.50,6.30,3.10,23.10,49.90,0.40,4.70,0.00,7.90,9.70,3.00,0.00,0.00,0.50,0.00,0.00,0.00,0.00,0.00,NaN
2015,12,0.00,0.00,0.00,0.00,0.00,0.40,0.00,5.30,14.20,2.60,0.00,0.00,6.50,0.90,0.00,0.00,0.50,0.00,5.90,0.00,0.00,0.00,0.00,0.00,0.00,0.00,0.00,0.00,0.00,0.00,0.00
2016,1,0.10,0.00,0.00,0.00,0.00,0.00,0.00,0.00,0.00,0.00,0.00,0.00,0.00,0.00,0.00,0.00,0.00,0.00,0.00,0.00,0.00,0.00,0.00,0.00,0.00,0.00,0.00,0.00,0.00,0.00,0.00
2016,2,0.00,0.00,0.00,0.00,0.00,0.00,0.00,0.00,0.00,0.00,0.00,0.00,0.00,0.00,0.00,0.00,0.00,0.00,0.00,0.00,0.00,0.00,0.00,0.00,0.00,0.00,0.00,0.00,0.00,NaN,NaN
2016,3,0.00,0.00,0.00,0.00,0.00,0.00,0.00,0.00,0.00,0.00,0.00,0.00,0.10,0.00,0.00,0.00,0.00,0.00,0.00,0.00,0.00,0.00,0.00,0.00,0.00,0.00,0.00,0.00,0.00,0.00,0.00
2016,4,11.20,0.00,12.60,0.00,0.00,0.00,0.00,0.00,0.00,0.00,0.00,0.00,8.50,0.10,0.00,0.00,25.30,0.00,0.00,0.00,24.00,0.00,3.70,1.30,0.00,2.60,3.20,7.60,1.00,3.60,NaN
2016,5,0.00,2.10,0.00,0.00,6.20,27.40,0.00,0.00,12.90,0.30,5.20,0.00,0.00,0.00,3.70,11.60,2.90,0.00,0.00,0.00,0.00,0.00,0.90,2.70,1.00,3.00,1.00,11.20,4.00,10.50,47.10
2016,6,6.20,25.50,0.40,2.40,2.10,2.40,0.00,10.90,1.70,29.00,41.00,0.00,0.00,6.10,0.90,29.00,0.00,35.00,0.00,6.00,38.20,7.40,1.20,0.20,0.00,0.60,4.90,0.00,0.00,0.40,NaN
2016,7,0.50,2.20,0.00,0.00,0.00,0.00,6.70,0.10,0.00,1.20,7.80,4.80,0.00,0.00,0.00,41.50,0.00,4.50,6.70,7.30,0.00,6.00,39.10,0.10,0.00,0.70,0.00,0.00,25.90,0.00,0.00
2016,8,0.00,1.90,13.20,18.90,0.00,4.80,0.00,6.20,3.10,0.00,0.10,7.80,5.00,1.50,0.00,0.10,0.00,0.00,0.20,0.20,0.30,2.10,1.00,0.00,0.20,0.00,2.70,42.10,28.50,46.40,21.10
2016,9,16.90,2.00,0.00,6.10,0.00,0.00,0.00,11.00,0.30,1.60,6.70,36.50,0.10,0.70,4.50,29.50,0.00,0.00,0.00,0.00,11.10,0.60,0.00,7.60,11.90,22.80,0.00,6.20,0.00,1.70,NaN
2016,10,8.90,0.80,0.50,7.30,5.30,19.60,16.90,9.90,48.70,1.40,1.80,14.60,7.10,0.70,0.00,14.40,24.50,43.00,21.90,0.00,0.50,24.80,0.30,0.00,0.70,21.30,0.10,0.00,0.00,11.20,13.30
2016,11,14.90,0.10,2.30,0.00,0.00,0.00,0.00,0.00,0.00,0.00,4.40,13.10,4.80,0.00,1.90,4.10,4.30,11.00,50.20,2.50,0.00,0.00,8.20,6.30,0.10,0.70,5.00,0.00,0.00,0.00,NaN
2016,12,0.40,0.00,0.20,21.60,1.00,0.00,0.00,6.50,21.10,0.00,18.60,1.70,0.10,0.00,0.00,0.00,0.00,0.00,0.00,0.00,1.40,0.00,0.00,0.00,2.20,1.40,0.00,0.00,0.00,0.00,0.00
2017,1,0.20,0.00,0.00,0.00,0.00,0.00,0.00,0.60,0.00,0.00,0.00,0.00,0.00,0.00,0.00,0.00,0.00,0.00,0.00,0.00,0.00,0.00,0.00,0.00,0.00,0.00,0.00,0.00,0.00,0.00,0.00
2017,2,0.00,0.00,0.00,0.00,0.00,0.00,0.00,0.00,0.00,0.00,0.00,0.00,0.00,0.00,0.00,0.00,0.00,3.80,0.00,0.00,0.00,0.00,0.00,0.00,0.00,0.00,0.00,0.00,NaN,NaN,NaN
2017,3,0.00,0.00,0.00,0.00,0.00,0.00,0.00,0.00,0.00,0.00,0.00,0.00,0.00,0.00,0.00,0.00,0.00,0.00,0.00,0.00,0.00,0.00,0.00,0.00,0.00,0.00,0.00,0.00,0.00,0.00,0.00
2017,4,0.00,71.20,30.80,0.00,0.00,0.00,0.00,0.00,0.00,0.00,0.00,0.00,0.00,0.00,0.00,0.00,7.80,7.80,14.00,0.00,0.00,0.00,2.40,64.60,1.40,3.40,13.00,8.20,7.60,10.40,NaN
2017,5,31.00,0.00,24.60,4.20,0.80,48.00,10.00,16.20,12.40,19.20,13.80,2.00,40.20,0.00,13.60,5.40,11.00,15.40,65.20,13.00,15.20,1.60,2.40,0.40,1.80,0.80,6.40,13.20,10.00,52.60,51.80
2017,6,0.80,0.00,0.00,0.00,10.20,46.40,4.60,46.20,1.80,18.00,0.20,3.60,0.20,0.40,5.80,1.40,43.00,30.80,4.60,17.60,0.40,18.00,0.00,0.00,25.00,0.60,0.60,35.00,0.00,0.00,NaN
2017,7,2.80,0.00,6.80,5.40,3.00,5.60,14.20,0.20,0.00,0.00,25.60,2.80,5.80,0.00,0.00,1.00,39.00,0.00,1.00,0.40,9.20,27.20,0.00,0.00,2.80,0.00,0.00,1.80,13.60,64.80,52.20
2017,8,12.40,0.20,0.00,0.20,14.60,10.40,3.00,0.80,4.40,1.20,0.00,0.00,9.00,0.20,0.00,0.00,0.00,2.20,0.40,17.60,9.20,2.00,18.40,8.20,9.80,1.40,0.20,38.40,37.00,13.20,0.20
2017,9,0.00,31.80,11.20,1.60,2.60,8.60,0.20,45.20,21.00,2.20,5.00,0.00,0.00,22.40,1.80,37.20,16.20,0.00,23.40,32.80,3.80,36.40,1.00,37.60,1.20,3.20,11.00,1.80,25.40,39.80,NaN
2017,10,20.20,29.80,9.80,102.40,114.00,2.20,0.00,9.00,1.60,13.40,0.00,15.60,2.00,0.20,0.00,0.00,0.00,0.00,0.00,1.80,13.60,0.20,8.20,3.20,6.60,30.20,15.60,5.80,3.60,9.60,6.80
2017,11,1.20,0.00,0.20,49.40,0.00,6.40,7.20,0.00,0.00,0.80,0.00,0.40,5.20,9.40,0.00,7.00,0.00,0.00,0.00,7.80,8.40,8.00,1.00,0.20,0.00,0.00,0.00,1.00,2.80,0.00,NaN
2017,12,0.00,0.00,0.00,0.40,2.00,0.00,6.00,0.80,4.00,0.20,0.20,0.00,0.00,0.00,0.00,0.00,0.00,0.00,0.00,0.00,0.00,0.00,0.00,0.00,0.00,0.00,0.00,0.00,1.20,0.00,0.60
2018,1,0.00,0.00,0.20,0.00,0.00,0.00,3.80,3.60,0.00,10.20,0.00,0.40,0.00,0.40,0.00,0.00,0.60,0.00,0.00,0.00,0.00,0.00,0.00,0.00,0.00,0.00,0.00,0.00,0.00,0.00,0.00
2018,2,0.00,0.00,0.00,0.00,0.00,0.00,0.00,0.00,0.00,0.00,0.00,0.00,0.00,0.00,0.00,0.00,0.00,0.00,0.00,0.00,0.00,0.00,0.00,4.00,2.20,0.00,0.00,0.00,NaN,NaN,NaN
2018,3,0.00,0.00,0.00,0.00,0.00,0.00,0.00,0.00,0.00,0.00,0.00,0.00,0.00,0.00,0.00,0.00,0.00,0.00,0.00,0.00,0.00,0.00,0.00,0.00,0.00,0.00,0.00,0.00,0.00,0.00,0.00
2018,4,0.00,0.00,0.00,0.00,0.20,2.40,14.00,0.20,0.00,0.00,0.00,0.00,0.00,0.20,2.80,0.00,0.00,0.00,0.00,0.00,0.00,9.20,0.00,0.00,0.00,0.00,10.40,1.80,7.20,0.20,NaN
2018,5,0.00,0.00,0.00,0.00,0.00,0.00,1.20,0.20,7.60,1.80,0.20,0.00,14.00,15.80,0.20,9.60,0.20,0.00,0.00,0.00,12.60,1.40,1.60,50.80,7.80,10.20,11.00,1.80,47.20,42.40,10.20
2018,6,2.40,24.60,3.40,16.00,0.00,0.00,1.80,3.00,0.00,11.20,0.20,2.20,53.20,9.60,18.60,0.20,2.00,0.00,5.60,14.40,0.00,5.60,5.00,0.00,0.00,2.60,0.40,6.60,1.00,2.20,NaN
2018,7,0.00,0.80,0.00,6.40,16.80,0.60,0.00,0.00,0.00,0.60,4.20,5.80,40.20,20.20,4.40,1.20,0.00,7.40,0.00,0.60,1.80,1.80,2.20,0.00,8.80,3.20,1.20,0.20,0.00,0.00,0.40
2018,8,19.20,48.00,1.60,15.80,0.00,0.00,0.00,0.00,2.80,0.20,5.60,0.00,0.20,14.20,4.60,10.20,0.00,0.00,1.40,0.00,0.00,6.20,0.20,39.40,16.00,8.20,0.20,0.00,0.00,0.00,0.00
2018,9,2.00,1.80,5.00,0.00,28.80,15.40,13.00,4.20,5.80,10.60,9.80,40.40,3.20,7.00,16.60,29.40,47.00,8.00,2.60,0.20,7.40,2.80,0.00,8.80,0.00,9.60,27.00,8.20,9.80,17.80,NaN
2018,10,54.60,1.00,2.00,41.00,19.00,0.20,0.00,2.80,0.60,0.00,28.20,12.60,6.60,20.20,14.00,3.60,11.40,0.40,1.20,1.60,0.20,0.00,0.00,17.00,0.00,14.00,0.00,0.20,0.00,0.00,0.00
2018,11,8.00,NaN,NaN,NaN,NaN,NaN,NaN,NaN,NaN,NaN,NaN,NaN,NaN,NaN,NaN,NaN,NaN,NaN,NaN,NaN,NaN,NaN,NaN,NaN,NaN,NaN,NaN,NaN,NaN,NaN,NaN
2018,12,NaN,NaN,NaN,NaN,NaN,NaN,NaN,NaN,NaN,0.00,0.00,0.00,0.00,0.00,0.00,0.00,0.00,0.00,0.00,0.00,0.00,0.00,0.00,0.00,0.00,0.00,0.00,0.00,0.00,0.00,0.00
2019,1,0.00,0.00,0.00,0.00,0.00,0.00,0.00,0.00,0.00,0.00,0.00,0.00,0.00,0.00,0.00,0.00,0.00,0.00,0.00,0.00,0.00,0.00,0.00,0.00,0.00,0.00,0.00,0.00,0.00,0.00,0.00
2019,2,0.00,0.00,0.00,0.00,0.00,0.00,0.00,0.00,0.00,0.00,0.00,0.00,0.00,0.00,0.00,0.00,0.00,0.00,0.00,0.00,0.00,0.00,0.00,0.00,0.00,0.00,0.00,0.00,NaN,NaN,NaN
2019,3,0.00,0.00,1.00,0.20,0.00,0.20,0.20,0.00,0.00,0.00,0.00,0.00,0.00,0.00,0.00,0.00,0.00,0.00,0.00,0.00,0.00,0.00,0.00,0.00,0.00,0.00,0.00,0.00,0.00,0.00,0.00
2019,4,0.00,0.00,0.00,0.00,0.00,16.20,0.00,0.00,0.00,0.00,0.00,0.00,0.00,16.60,0.00,0.00,0.00,0.00,0.00,0.00,0.00,0.00,0.00,0.00,0.00,0.00,0.00,0.00,0.20,0.20,NaN
2019,5,0.00,0.00,0.00,0.00,4.00,0.00,0.00,3.20,6.20,2.60,0.80,4.00,48.00,4.40,18.00,25.40,21.40,23.80,9.40,1.60,20.60,7.60,5.20,4.80,4.40,0.60,9.80,11.60,10.40,35.00,25.80
2019,6,16.60,0.00,1.20,0.80,1.20,0.20,8.20,46.40,8.40,22.60,0.00,2.60,23.60,0.20,0.00,0.00,0.00,0.00,2.40,0.00,5.40,0.00,0.00,3.00,25.20,0.00,0.00,0.00,0.00,0.40,NaN
2019,7,0.40,1.20,3.60,0.00,1.20,0.00,1.80,41.20,1.80,0.20,16.80,0.40,0.00,15.40,50.60,0.00,0.00,0.40,0.00,0.00,0.60,0.20,1.60,0.00,0.20,0.20,0.00,0.80,0.00,0.00,0.00
2019,8,0.00,9.00,0.00,0.00,7.40,15.60,15.60,2.20,0.00,0.00,0.00,0.00,0.00,13.40,0.00,1.00,18.60,57.80,9.00,7.60,6.00,0.00,0.00,14.40,0.00,8.80,0.00,0.40,1.00,4.00,0.80
2019,9,7.40,0.00,15.40,6.60,0.20,33.60,0.00,5.60,0.00,0.00,0.00,12.60,0.00,0.00,19.00,0.40,55.00,11.60,12.00,16.80,10.60,0.60,4.80,0.20,5.00,30.80,33.00,12.00,0.20,0.00,NaN
2019,10,19.60,2.60,3.40,12.80,18.20,0.00,8.60,0.00,6.20,1.80,4.20,0.80,1.20,33.00,1.00,0.00,1.00,12.00,16.60,17.80,0.00,0.20,0.80,8.60,49.60,7.20,14.20,2.60,0.00,7.40,6.00
2019,11,0.20,0.80,0.00,0.00,0.00,2.20,0.00,0.00,0.00,1.40,6.20,0.00,8.80,7.80,19.80,0.00,NaN,NaN,NaN,NaN,NaN,NaN,NaN,NaN,NaN,NaN,NaN,NaN,NaN,NaN,NaN
2019,12,NaN,NaN,NaN,NaN,NaN,NaN,NaN,NaN,NaN,0.00,0.00,0.00,0.00,0.00,0.00,0.00,0.00,1.60,0.00,0.00,0.00,0.00,1.80,0.00,0.00,0.00,0.00,0.60,0.00,0.00,0.00
2020,1,0.00,0.00,0.00,0.00,0.00,0.00,0.00,0.00,0.20,0.00,0.00,0.00,0.00,0.00,0.00,0.00,0.00,0.00,0.00,0.00,0.00,0.00,0.00,0.00,0.00,0.00,0.60,1.00,0.20,0.00,0.00
2020,2,0.00,0.00,0.00,0.00,0.00,0.00,3.80,0.00,0.00,0.00,0.00,0.00,0.00,0.00,0.00,0.00,0.00,0.00,0.20,0.00,0.00,0.00,0.00,0.00,0.00,0.00,0.00,0.00,0.00,NaN,NaN
2020,3,0.00,0.00,0.00,0.00,0.00,0.00,0.00,0.00,0.00,0.00,0.00,0.00,0.00,0.00,0.00,0.00,0.00,0.00,0.00,0.00,0.00,0.00,0.00,0.00,0.00,0.00,0.00,0.00,0.00,0.00,2.60
2020,4,8.20,0.00,0.00,0.00,0.00,0.00,0.00,0.00,0.00,0.00,0.00,24.40,36.00,0.00,0.00,0.00,0.00,0.00,8.60,0.00,1.80,0.00,0.00,42.60,0.00,0.00,0.00,0.20,17.80,4.80,NaN
2020,5,0.00,0.00,0.00,0.00,0.00,0.00,10.00,0.80,12.00,0.20,0.00,0.00,0.00,0.60,0.40,3.20,24.00,7.60,0.20,5.00,22.40,46.00,0.00,5.40,6.80,26.40,18.80,10.40,12.60,0.60,17.40
2020,6,43.00,45.20,12.60,15.00,7.60,6.20,26.60,0.20,24.40,11.00,0.60,3.40,5.60,0.00,11.00,30.40,3.40,0.00,0.80,1.80,11.00,0.00,16.20,0.40,0.00,1.60,24.40,15.20,70.40,7.40,NaN
2020,7,7.60,16.00,25.20,13.20,0.20,0.40,0.00,0.00,0.00,12.60,2.20,0.00,0.40,0.20,1.60,0.00,0.00,2.00,0.00,1.60,0.20,6.80,19.80,9.00,21.60,0.00,38.00,1.80,0.00,0.00,0.00
2020,8,0.00,6.00,9.20,0.00,27.40,0.00,0.00,0.40,0.00,20.20,0.00,0.00,0.00,20.80,2.60,0.40,43.60,0.20,41.40,1.60,54.80,0.00,5.80,6.80,33.20,1.80,1.40,2.80,0.20,0.00,0.00
2020,9,8.00,16.60,8.20,29.20,0.80,5.20,33.40,2.20,1.20,0.00,36.20,8.20,0.20,17.20,4.00,0.20,13.80,2.00,14.40,22.20,14.20,27.60,51.20,31.20,7.40,1.00,41.20,14.20,5.00,1.60,NaN
2020,10,0.00,12.00,18.40,0.00,27.20,1.00,48.00,5.60,0.40,0.00,0.20,0.00,2.80,54.00,0.40,8.60,1.60,24.20,9.40,10.00,9.00,0.20,1.00,0.00,9.00,0.00,0.00,0.00,2.80,7.40,42.20
2020,11,45.20,4.40,41.60,86.40,40.00,5.20,1.20,0.00,1.80,4.60,7.00,0.20,0.60,9.80,19.20,4.00,9.00,0.00,5.00,1.40,14.60,2.60,0.00,0.20,0.00,0.00,0.80,8.20,0.80,0.00,NaN
2020,12,0.00,46.60,13.40,0.40,0.00,0.00,0.00,0.00,0.00,6.20,0.00,0.00,0.00,0.00,0.00,0.80,0.00,0.00,0.00,0.00,0.00,0.00,1.00,0.00,0.00,0.00,0.00,0.00,0.00,25.40,0.20
2021,1,0.00,0.00,0.00,0.00,0.00,0.00,0.00,0.00,0.00,0.20,1.60,0.00,0.00,0.00,0.00,0.00,0.00,0.00,0.00,0.00,0.00,0.00,0.00,0.00,0.00,0.00,0.00,0.00,0.00,0.00,0.00
2021,2,0.00,0.00,0.00,0.00,0.00,0.00,0.00,0.00,0.00,0.00,0.00,0.00,0.00,0.00,0.00,0.00,0.00,0.40,0.00,0.00,0.00,0.00,0.00,0.00,0.00,0.00,0.00,0.00,NaN,NaN,NaN
2021,3,0.00,0.00,0.00,0.00,0.00,0.00,0.00,0.00,0.00,0.00,0.00,0.00,0.00,0.00,0.00,0.00,0.00,0.00,0.00,0.00,0.20,0.00,29.60,0.20,0.00,0.00,0.00,0.00,0.00,0.00,0.00
2021,4,0.00,0.00,0.00,0.00,0.00,0.00,0.00,45.00,4.20,15.40,25.00,16.40,1.00,13.40,17.20,43.00,25.00,25.60,15.80,13.20,0.20,0.00,0.00,0.00,0.00,0.00,0.00,0.00,0.80,81.20,NaN
2021,5,13.40,10.60,0.40,20.60,52.00,0.40,0.60,0.00,0.00,1.20,20.20,0.20,2.60,0.00,0.00,0.00,0.00,0.00,0.20,13.00,3.80,0.60,22.60,0.00,0.00,8.60,0.40,9.60,49.60,0.40,0.00
2021,6,0.00,0.00,0.80,0.20,0.20,8.60,5.20,13.80,7.40,13.60,0.80,28.60,26.60,2.60,0.60,0.00,0.00,0.00,11.60,16.20,3.60,3.00,4.80,0.20,0.00,18.80,20.20,0.00,5.20,4.40,NaN
2021,7,0.00,0.00,14.00,46.00,3.00,2.60,0.00,3.80,0.20,16.80,22.20,0.00,0.00,0.00,0.00,0.00,0.00,0.00,0.00,0.00,0.00,43.40,30.00,8.80,0.40,26.60,49.80,0.20,1.20,0.20,0.00
2021,8,9.80,0.80,36.20,15.20,4.00,0.60,10.40,11.20,0.00,0.00,11.60,15.40,0.20,27.40,20.20,0.00,1.80,4.00,11.00,9.80,69.40,18.20,32.40,2.20,23.20,6.80,0.40,1.00,0.80,11.20,19.00
2021,9,0.40,0.00,2.20,2.00,20.60,41.00,13.80,10.00,10.40,0.20,0.60,10.00,7.00,30.60,31.00,0.40,0.00,1.20,4.40,0.00,6.00,15.40,25.00,19.40,0.20,0.00,6.40,19.80,0.40,5.80,NaN
2021,10,7.80,5.00,9.00,6.20,24.20,2.40,4.60,0.40,11.00,1.60,48.00,7.40,0.00,0.00,0.00,0.40,14.40,55.80,15.20,6.00,0.00,20.00,22.40,0.20,0.00,1.00,0.00,0.00,0.60,11.60,2.60
2021,11,2.60,2.80,11.40,1.00,0.40,3.40,0.20,0.00,0.20,0.00,3.60,0.00,0.00,4.40,0.20,0.00,0.00,0.00,0.00,0.00,0.00,0.00,0.00,0.00,2.00,0.20,0.00,0.00,2.40,5.20,NaN
2021,12,3.00,0.00,0.20,0.20,0.00,0.00,0.00,0.00,0.00,0.00,0.00,0.00,0.00,0.00,0.00,0.00,0.00,0.00,0.00,0.00,0.00,0.00,0.00,0.00,0.00,0.40,0.00,0.00,0.00,0.00,0.00
2022,1,0.00,0.00,0.40,0.20,0.00,0.00,0.00,0.00,0.00,0.00,0.00,0.00,0.00,0.00,0.00,0.00,0.00,0.00,0.00,0.00,1.80,0.00,0.00,0.00,0.00,0.00,0.00,0.00,0.00,0.00,0.00
2022,2,0.00,0.00,0.00,0.00,0.00,0.00,0.00,0.00,0.00,0.00,0.00,0.00,0.00,0.00,0.00,0.00,0.00,0.00,0.00,0.00,0.00,0.00,0.00,0.00,0.80,0.00,0.00,0.00,NaN,NaN,NaN
2022,3,0.00,0.00,0.60,0.20,0.00,0.00,0.00,0.00,0.00,0.00,2.40,11.60,0.20,0.00,0.00,0.00,0.00,0.00,0.20,0.00,0.00,0.00,0.00,0.00,0.00,0.00,0.00,0.00,0.00,0.00,12.00
2022,4,0.20,0.00,3.40,2.80,12.20,36.20,0.20,0.80,6.40,0.00,0.00,0.00,0.00,0.00,0.00,0.00,3.40,0.80,3.60,0.80,30.00,14.20,9.20,3.60,48.60,25.00,15.20,7.20,11.00,26.20,NaN
2022,5,13.80,39.20,24.40,25.00,3.20,2.00,4.20,3.80,21.40,35.20,4.00,1.40,30.40,30.00,54.60,41.20,0.20,8.80,17.80,15.60,0.40,0.00,9.60,1.80,0.40,19.00,0.60,7.60,9.20,3.40,73.60
2022,6,26.00,1.00,2.60,0.00,5.40,18.00,21.00,4.80,11.20,20.00,98.00,3.80,4.60,8.00,46.80,5.60,8.60,17.40,41.60,16.80,1.20,46.20,25.40,2.80,5.00,0.20,0.40,16.60,0.20,0.00,NaN
2022,7,13.80,12.20,1.20,7.80,0.60,26.20,0.00,2.80,2.40,0.20,5.60,0.40,31.60,8.40,0.00,0.00,0.00,0.00,0.00,2.80,2.60,7.40,0.40,0.20,16.60,10.60,7.60,0.00,0.00,0.60,0.00
2022,8,0.00,17.60,28.00,25.80,9.60,1.60,8.80,0.40,12.80,0.00,28.80,29.80,22.00,25.40,0.80,0.40,0.20,0.20,0.20,0.20,0.00,20.80,5.00,0.00,1.80,11.20,0.60,7.60,8.40,2.80,15.60
2022,9,45.80,11.40,0.00,0.00,5.60,0.20,45.00,63.00,30.60,9.80,32.00,0.20,21.00,58.00,33.60,45.80,25.20,0.20,24.40,2.00,0.20,17.20,6.40,16.40,8.00,1.00,0.60,12.40,1.40,22.80,NaN
2022,10,58.20,0.20,25.00,2.40,6.20,0.20,1.40,1.40,61.80,0.20,7.80,14.00,0.20,10.20,33.80,25.00,3.40,12.60,14.20,16.80,5.80,16.80,7.80,0.20,3.80,0.40,0.00,1.40,0.00,0.00,0.20
2022,11,5.00,0.00,1.00,9.40,20.20,10.00,34.40,1.60,1.80,17.40,0.00,1.40,0.60,0.20,0.00,0.00,0.00,0.00,1.20,6.40,18.40,0.00,1.80,0.40,16.40,6.60,7.40,4.00,0.00,18.00,NaN
2022,12,0.00,0.00,0.00,0.00,0.00,0.00,0.00,0.00,0.00,0.00,0.00,0.00,0.00,0.00,0.00,0.00,0.00,0.00,0.00,0.00,0.00,0.00,0.00,0.00,0.00,0.00,0.00,0.20,0.00,0.00,0.00
2023,1,0.00,0.20,0.00,0.00,0.00,0.00,0.00,0.00,4.60,0.00,0.00,0.00,0.00,0.00,0.00,0.00,1.60,1.00,0.00,0.00,0.00,0.00,0.00,0.00,0.00,0.00,0.00,0.00,0.00,0.00,0.00
2023,2,0.00,0.00,0.00,0.00,0.00,0.00,0.00,0.00,0.00,0.00,0.00,0.00,0.00,0.00,0.00,0.00,0.00,0.00,0.00,0.00,0.00,0.00,0.00,0.00,0.00,0.00,0.00,0.00,NaN,NaN,NaN
2023,3,0.00,0.00,0.00,0.00,0.00,0.00,0.00,0.00,0.00,0.20,12.80,0.00,54.80,12.60,6.80,4.60,6.60,5.00,0.00,0.00,0.00,0.00,0.00,0.00,0.00,3.60,0.00,0.00,0.00,0.00,0.00
2023,4,0.00,0.00,0.00,0.00,0.00,0.00,0.00,0.00,0.00,0.00,0.00,0.00,0.00,0.00,0.00,0.00,0.00,0.00,0.00,0.00,0.00,0.00,0.00,0.00,0.00,0.00,0.00,0.00,51.00,11.00,NaN
2023,5,0.20,29.00,0.20,0.00,0.00,0.00,0.00,0.00,0.00,0.00,6.20,3.00,4.40,0.00,9.80,1.20,0.00,0.00,0.00,0.00,0.00,5.40,0.20,18.40,0.20,0.60,9.20,40.60,1.20,52.00,1.60
2023,6,7.80,1.20,0.00,1.40,5.00,2.60,20.40,2.60,0.40,26.00,1.20,0.20,9.80,14.40,9.00,0.00,9.80,5.20,0.00,31.20,41.60,33.00,0.00,1.60,24.60,46.40,2.20,0.00,0.00,0.00,NaN
2023,7,28.00,7.20,0.20,6.20,0.00,12.80,0.40,10.60,0.00,0.00,0.00,0.20,2.60,0.00,1.60,0.00,34.00,0.00,0.00,0.00,10.40,0.00,1.00,0.20,0.00,0.00,15.60,0.00,0.00,0.20,17.00
2023,8,7.20,4.40,0.00,0.00,0.00,0.00,1.00,1.60,0.80,1.00,9.40,0.00,6.20,39.00,0.20,0.00,9.80,1.80,0.20,11.00,14.20,10.20,20.60,3.60,0.20,0.00,4.00,1.80,0.20,0.00,0.00
2023,9,17.20,9.40,0.40,5.00,0.20,0.00,0.00,0.00,2.20,13.60,5.20,0.00,14.40,6.20,0.40,0.00,7.20,0.00,18.20,24.80,0.00,0.00,1.20,1.80,1.40,41.20,38.00,39.20,10.00,3.40,NaN
2023,10,4.40,10.40,10.80,27.00,1.40,6.00,23.40,33.80,0.60,2.80,10.00,0.00,0.60,5.40,6.00,7.80,24.20,38.20,18.80,0.00,23.40,12.80,0.20,29.00,7.60,29.40,4.40,5.60,11.40,1.20,2.60
2023,11,39.20,1.40,3.60,0.60,7.80,0.40,3.20,1.00,0.20,0.00,2.00,11.20,0.00,13.00,5.40,2.20,0.40,19.80,28.80,10.20,5.80,0.20,1.80,0.00,0.00,0.00,0.00,0.00,0.00,0.00,NaN
2023,12,0.00,0.00,0.00,0.00,0.00,0.00,0.00,0.00,0.00,1.40,0.00,0.00,1.00,0.00,0.00,0.00,0.00,0.00,0.00,0.00,0.00,0.00,0.00,0.00,0.00,34.40,0.20,2.20,0.40,3.40,0.00
2024,1,0.00,0.00,0.00,0.00,0.00,0.00,0.00,0.00,0.00,0.00,0.00,0.00,0.60,0.00,0.00,0.00,0.00,0.00,0.00,0.00,0.00,0.00,0.00,0.00,0.00,0.00,0.00,0.00,0.00,0.00,0.00
2024,2,0.00,0.00,0.00,0.00,0.00,0.00,0.00,0.00,0.00,0.00,0.00,0.00,0.00,0.00,0.00,0.00,2.80,19.00,0.20,0.00,0.00,0.00,3.60,0.20,0.00,0.00,0.00,0.00,0.00,NaN,NaN
2024,3,0.00,0.00,0.00,0.00,0.00,0.00,0.00,0.00,0.00,0.00,0.00,0.00,0.00,0.00,0.00,0.00,0.00,0.00,0.00,0.00,0.00,0.00,0.00,0.00,0.00,0.00,0.20,1.00,0.00,0.00,0.00
2024,4,0.00,0.00,0.00,6.20,0.00,0.00,0.40,0.00,0.00,0.00,0.00,0.00,0.00,0.00,0.00,0.00,0.00,0.00,0.00,0.00,0.00,0.00,0.00,7.80,0.40,1.60,1.20,34.20,6.40,9.80,NaN
2024,5,2.40,0.20,0.00,0.00,0.00,0.00,8.20,0.60,39.00,38.20,37.00,0.20,8.00,11.80,19.80,1.20,1.80,0.60,0.20,1.40,9.40,0.20,1.20,6.20,13.80,3.80,0.00,9.00,53.40,7.80,10.60
2024,6,0.00,7.40,9.00,31.60,1.40,33.00,7.00,2.20,25.80,13.40,3.40,1.60,101.60,3.60,34.40,1.20,0.00,20.80,7.80,6.60,6.60,0.20,11.60,2.60,12.40,29.00,27.20,15.40,3.80,0.20,NaN
2024,7,0.60,15.60,9.80,1.00,11.60,31.20,7.20,0.00,58.60,38.00,0.00,0.00,0.00,5.00,0.00,1.40,0.00,0.20,21.00,0.60,0.40,11.20,0.20,3.00,4.20,21.20,0.20,1.80,0.20,9.00,6.00
2024,8,0.20,7.00,15.20,0.00,42.80,0.00,10.40,7.80,0.20,0.20,7.60,6.80,21.20,0.00,51.80,0.20,1.00,4.60,0.00,0.00,2.40,0.20,0.00,0.00,1.20,18.40,0.00,0.00,0.00,2.40,10.60
2024,9,3.00,4.00,11.20,9.80,8.00,0.20,116.40,13.40,7.40,2.80,4.40,5.20,0.00,11.80,20.80,0.40,0.00,3.00,47.00,17.80,24.40,0.80,2.20,21.60,0.60,1.00,19.60,17.80,25.80,19.40,NaN
2024,10,24.60,0.40,3.20,1.40,3.40,5.80,6.80,19.20,6.80,50.00,18.60,2.20,14.60,0.00,3.60,0.20,1.20,61.80,3.00,5.40,29.40,17.60,3.60,21.00,0.20,0.40,1.80,0.00,20.00,13.60,20.80
2024,11,7.80,11.80,46.60,47.20,3.80,2.20,51.40,25.40,5.40,11.20,18.80,8.60,30.00,35.80,27.00,9.40,9.60,4.00,0.80,0.80,12.40,8.60,0.20,0.00,7.00,2.80,11.60,19.00,5.20,0.00,NaN
2024,12,0.20,7.40,2.00,0.40,0.00,0.00,0.00,0.00,0.00,0.00,0.00,0.00,0.00,0.00,0.00,0.00,0.00,0.00,0.20,0.60,3.20,0.00,2.20,0.00,0.00,1.80,0.20,0.00,0.20,23.40,0.20
